Vendor,Contact,Email,Associated_PN,Last_Activity
STS Component Solutions LLC,Nick Chambers,sales@sts-cs.com,"J1438P020, 335-010-401-0",2026-02-06
STS Engine Services Ltd,Greg Macleod,greg.macleod@gt-es.co.uk,J1438P012,2026-02-06
VSE Aviation Inc.,Megan McClure,sales-miami@vseaviation.com,"J1438P012, 2081M17P01",2026-02-07
BROOKS & MALDINI CORP,-,stockmarket@brooks-maldini.net,"J1438P020, 335-010-401-0",2026-02-06
SKY AIR SUPPLY LTD,Brian Jones,sales@skyairsupply.com,J1438P012,2026-02-06
TURBO RESOURCES INT'L,Steve Donaldson,stevedonaldson@TurboResources.com,2081M17P01,2026-02-06
EU INSPECTION & SERVICES,-,maintenance@euinspectionservice.com,J1438P012,2026-02-06
Jacaero Industries LLC,Connor Jacobs,connor@jacaero.com,SYS10281540,2026-01-28
Aviation Parts,-,sales@aviationparts.com,355A11-0030-04,2026-02-03
AAH Parts,-,sales@aahparts.com,8-930060-06,2026-02-05
MyAirTrade Updates,-,updates@myairtrade.com,Daily Updates,2026-02-07
Tradex Purchase,-,sales@tradexpurchase.com,B73C/B747/B787,2026-01-29
Oyster Aero,-,training@oysteraero.com,Bootcamp/Training,2026-01-26
RD Wallet Support,-,support@rdwallet.com,Payment Notifications,2026-02-04
Sky Air Supply (Babi),Babi Sait,babi@skyairsupply.com,J1438P012,2026-02-06
VSE Aviation (Megan),Megan McClure,Megan.McClure@vseaviation.com,New Account Setup,2026-02-07
Miley Evans (StockMarket),Miley Evans,miley.evans@stockmarket.aero,PKA2232P,2026-02-06
STS Engine Services,Greg Macleod,greg.macleod@gt-es.co.uk,J1438P012,2026-02-06
Sky Air Supply Ltd,Sales,sales@skyairsupply.com,J1438P012,2026-02-06
Brooks & Maldini,TextQuote,stockmarket@brooks-maldini.net,J1438P020,2026-02-06
Turbo Resources,Steve Donaldson,stevedonaldson@TurboResources.com,2081M17P01,2026-02-06
STS Components,Nick Chambers,sales@sts-cs.com,J1438P020,2026-02-06
VSE Aviation,Megan McClure,sales-miami@vseaviation.com,2081M17P01,2026-02-06
Sky Air Supply,Babi Sait,babi@skyairsupply.com,J1438P012,2026-02-06
